,time,temp,max_peak,sig_peak,avg_peak,freq
0,42322.0,18.2,2.3,1.8,1.1,6.8
1,42322.04167,18.1,2.4,1.7,1.1,6.6
2,42322.08333,18.1,2.6,1.7,1.1,6.6
3,42322.125,18.1,2.4,1.7,1.1,6.8
4,42322.16667,18.1,2.1,1.8,1.1,7.3
5,42322.20833,18.1,2.3,1.7,1.1,7.2
6,42322.25,17.9,2.2,1.6,1.0,7.2
7,42322.29167,17.9,2.2,1.6,1.0,7.2
8,42322.33333,18.0,1.8,1.5,0.9,6.9
9,42322.375,18.0,1.8,1.3,0.8,6.9
10,42322.41667,18.0,1.7,1.3,0.8,7.1
11,42322.45833,18.1,1.9,1.3,0.8,6.7
12,42322.5,18.1,1.6,1.1,0.7,6.6
13,42322.54167,18.1,1.4,1.1,0.7,6.7
14,42322.58333,18.2,1.5,1.2,0.7,7.0
15,42322.625,18.1,1.4,1.0,0.6,6.7
16,42322.66667,18.2,1.4,1.0,0.6,7.0
17,42322.70833,18.2,1.3,0.9,0.6,6.6
18,42322.75,18.1,1.2,1.0,0.6,6.8
19,42322.79167,18.1,1.5,1.1,0.7,6.2
20,42322.83333,18.2,2.1,1.5,1.0,6.4
21,42322.875,18.2,2.1,1.5,0.9,6.2
22,42322.91667,18.2,2.5,1.6,0.9,6.2
23,42322.95833,18.2,2.2,1.4,0.9,6.3
24,42323.0,18.3,1.8,1.3,0.9,6.4
25,42323.04167,18.3,1.8,1.3,0.8,6.1
26,42323.08333,18.5,1.4,1.1,0.7,5.9
27,42323.125,18.6,1.3,1.0,0.6,5.9
28,42323.16667,18.5,1.1,0.9,0.6,5.7
29,42323.20833,18.5,1.0,0.8,0.5,5.8
30,42323.25,18.5,1.1,0.8,0.5,6.3
31,42323.29167,18.5,1.0,0.8,0.5,5.9
32,42323.33333,18.5,0.9,0.7,0.5,5.9
33,42323.375,18.1,1.0,0.8,0.5,5.8
34,42323.41667,17.9,1.1,0.8,0.5,5.7
35,42323.45833,18.0,1.2,0.8,0.5,6.0
36,42323.5,18.3,1.1,0.8,0.5,5.8
37,42323.54167,18.3,1.1,0.8,0.5,5.8
38,42323.58333,18.3,1.3,0.9,0.6,6.0
39,42323.625,18.4,1.2,0.9,0.6,5.9
40,42323.66667,18.5,1.1,0.9,0.5,6.1
41,42323.70833,18.5,1.0,0.8,0.5,6.1
42,42323.75,18.5,1.1,0.7,0.5,6.0
43,42323.79167,18.3,0.9,0.7,0.5,6.1
44,42323.83333,18.4,1.0,0.7,0.4,6.1
45,42323.875,18.3,0.9,0.7,0.4,6.1
46,42323.91667,18.4,0.9,0.6,0.4,6.0
47,42323.95833,18.5,1.0,0.6,0.4,6.1
48,42324.0,18.5,0.9,0.6,0.4,6.2
49,42324.04167,18.2,1.0,0.7,0.5,6.3
50,42324.08333,18.2,1.0,0.7,0.4,6.3
51,42324.125,18.2,0.9,0.6,0.4,6.3
52,42324.16667,18.2,0.8,0.6,0.4,6.2
53,42324.20833,18.2,0.8,0.6,0.4,5.6
54,42324.25,18.2,0.8,0.6,0.4,6.0
55,42324.29167,18.1,0.7,0.6,0.4,6.0
56,42324.33333,18.2,0.9,0.7,0.4,6.7
57,42324.375,18.3,0.7,0.6,0.4,6.4
58,42324.41667,18.2,0.8,0.6,0.4,5.8
59,42324.45833,18.2,0.8,0.6,0.4,4.5
60,42324.5,18.2,0.8,0.7,0.4,4.8
61,42324.54167,18.3,0.9,0.7,0.4,4.8
62,42324.58333,18.3,1.0,0.7,0.5,5.0
63,42324.625,18.3,1.1,0.7,0.4,4.1
64,42324.66667,18.2,0.9,0.6,0.4,4.6
65,42324.70833,18.2,0.8,0.5,0.3,4.4
66,42324.75,18.2,0.7,0.5,0.3,4.2
67,42324.79167,18.3,0.8,0.6,0.4,4.5
68,42324.83333,18.3,0.9,0.6,0.4,4.1
69,42324.875,18.2,0.9,0.6,0.4,4.6
70,42324.91667,18.2,0.8,0.6,0.4,4.3
71,42324.95833,0.0,0.8,0.6,0.4,4.5
72,42325.0,0.0,0.8,0.6,0.4,4.6
73,42325.04167,0.0,0.8,0.6,0.4,4.4
74,42325.08333,0.0,0.9,0.6,0.4,4.5
75,42325.125,0.0,0.9,0.6,0.4,4.5
76,42325.16667,0.0,1.0,0.7,0.5,4.9
77,42325.20833,0.0,1.3,0.9,0.6,5.0
78,42325.25,0.0,1.4,1.1,0.7,5.2
79,42325.29167,0.0,1.5,1.1,0.7,5.5
80,42325.33333,0.0,1.6,1.1,0.7,5.7
81,42325.375,0.0,1.5,1.2,0.7,5.9
82,42325.41667,0.0,1.7,1.2,0.8,6.1
83,42325.45833,0.0,1.6,1.1,0.7,6.4
84,42325.5,0.0,1.7,1.3,0.8,6.5
85,42325.54167,0.0,1.7,1.2,0.7,5.8
86,42325.58333,0.0,1.7,1.3,0.9,6.0
87,42325.625,0.0,1.8,1.2,0.8,5.5
88,42325.66667,0.0,1.6,1.2,0.8,5.8
89,42325.70833,0.0,1.4,1.1,0.7,5.7
90,42325.75,0.0,1.5,1.0,0.7,5.5
91,42325.79167,0.0,1.4,1.1,0.7,5.2
92,42325.83333,0.0,1.4,1.1,0.7,5.7
93,42325.875,0.0,1.6,1.1,0.7,5.3
94,42325.91667,0.0,1.6,1.1,0.7,5.2
95,42325.95833,0.0,1.4,1.1,0.7,5.5
96,42326.0,0.0,1.4,1.1,0.7,5.3
97,42326.04167,0.0,2.0,1.3,0.8,5.0
98,42326.08333,0.0,2.0,1.4,0.9,5.3
99,42326.125,0.0,2.0,1.5,0.9,5.3
100,42326.16667,0.0,2.0,1.6,1.0,5.4
101,42326.20833,0.0,2.3,1.7,1.1,5.7
102,42326.25,0.0,2.3,1.7,1.1,5.6
103,42326.29167,0.0,2.9,2.1,1.3,6.0
104,42326.33333,0.0,2.9,2.5,1.6,6.7
105,42326.375,0.0,3.7,2.7,1.7,6.9
106,42326.41667,0.0,4.2,3.0,1.9,7.1
107,42326.45833,0.0,3.9,3.1,1.9,7.6
108,42326.5,0.0,5.2,3.6,2.3,8.0
109,42326.54167,0.0,4.8,3.3,2.1,8.1
110,42326.58333,0.0,4.0,3.5,2.2,8.3
111,42326.625,0.0,3.7,3.3,1.9,8.3
112,42326.66667,0.0,4.3,3.4,2.2,8.0
113,42326.70833,0.0,4.2,3.0,1.9,7.9
114,42326.75,0.0,4.1,3.2,2.1,7.6
115,42326.79167,0.0,4.1,3.4,2.3,8.0
116,42326.83333,0.0,4.3,3.1,2.0,8.3
117,42326.875,0.0,4.4,3.3,2.1,8.2
118,42326.91667,0.0,3.6,3.1,2.1,8.2
119,42326.95833,0.0,4.1,2.9,1.8,8.2
120,42327.0,0.0,3.7,2.8,1.8,8.2
121,42327.04167,0.0,3.9,2.9,1.8,8.3
122,42327.08333,0.0,3.7,2.9,1.8,8.2
123,42327.125,0.0,3.3,2.8,1.7,8.1
124,42327.16667,0.0,3.2,2.4,1.5,8.1
125,42327.20833,0.0,3.3,2.5,1.6,8.0
126,42327.25,0.0,3.0,2.3,1.4,8.0
127,42327.29167,0.0,3.1,2.5,1.6,8.1
128,42327.33333,0.0,3.6,2.6,1.6,7.9
129,42327.375,0.0,2.7,2.1,1.3,7.9
130,42327.41667,0.0,3.1,2.5,1.6,8.3
131,42327.45833,0.0,2.6,2.1,1.4,8.1
132,42327.5,0.0,2.2,2.1,1.3,8.1
133,42327.54167,0.0,2.2,2.0,1.2,8.0
134,42327.58333,0.0,2.1,1.8,1.1,7.7
135,42327.625,0.0,2.8,1.9,1.1,7.8
136,42327.66667,0.0,2.5,1.8,1.1,7.7
137,42327.70833,0.0,2.2,1.7,1.0,7.8
138,42327.75,0.0,2.3,1.6,1.0,7.6
139,42327.79167,0.0,2.0,1.6,1.0,7.5
140,42327.83333,0.0,2.1,1.5,1.0,7.4
141,42327.875,0.0,1.9,1.4,0.9,7.3
142,42327.91667,0.0,1.9,1.4,0.9,6.9
143,42327.95833,0.0,1.8,1.4,0.9,6.8
144,42328.0,0.0,1.6,1.3,0.8,6.8
145,42328.04167,0.0,1.9,1.2,0.8,6.8
146,42328.08333,0.0,1.5,1.2,0.8,7.0
147,42328.125,0.0,1.6,1.2,0.7,6.9
148,42328.16667,0.0,1.3,1.0,0.7,6.7
149,42328.20833,0.0,1.4,1.1,0.7,6.6
150,42328.25,0.0,1.1,0.9,0.6,6.7
151,42328.29167,0.0,1.4,1.0,0.6,6.9
152,42328.33333,0.0,1.0,0.8,0.5,6.3
153,42328.375,0.0,1.2,0.9,0.6,6.7
154,42328.41667,0.0,1.1,0.8,0.5,6.5
155,42328.45833,0.0,1.0,0.8,0.5,6.9
156,42328.5,0.0,0.9,0.7,0.5,6.7
157,42328.54167,0.0,1.0,0.7,0.5,6.6
158,42328.58333,0.0,1.0,0.7,0.4,6.6
159,42328.625,0.0,0.9,0.7,0.4,6.4
160,42328.66667,0.0,1.0,0.7,0.4,6.4
161,42328.70833,0.0,0.9,0.6,0.4,6.3
162,42328.75,0.0,0.8,0.6,0.4,6.2
163,42328.79167,0.0,0.8,0.6,0.4,6.3
164,42328.83333,0.0,0.8,0.6,0.4,6.4
165,42328.875,0.0,1.0,0.6,0.4,6.2
166,42328.91667,0.0,0.8,0.6,0.4,6.1
167,42328.95833,0.0,0.7,0.6,0.4,5.9
168,42329.0,0.0,0.7,0.5,0.3,5.9
169,42329.04167,0.0,0.6,0.5,0.3,5.3
170,42329.08333,0.0,0.7,0.5,0.3,5.5
171,42329.125,0.0,0.6,0.5,0.3,5.5
172,42329.16667,0.0,0.6,0.5,0.3,5.9
173,42329.20833,0.0,0.8,0.6,0.4,6.1
174,42329.25,0.0,0.8,0.6,0.3,6.4
175,42329.29167,0.0,0.8,0.6,0.4,6.9
176,42329.33333,0.0,0.8,0.7,0.4,6.9
177,42329.375,0.0,1.0,0.7,0.4,6.6
178,42329.41667,0.0,1.2,0.7,0.4,6.8
179,42329.45833,0.0,1.1,0.8,0.5,7.1
180,42329.5,0.0,1.0,0.7,0.5,6.9
181,42329.54167,0.0,0.9,0.7,0.4,6.3
182,42329.58333,0.0,1.1,0.8,0.5,6.3
183,42329.625,0.0,1.0,0.8,0.5,6.0
184,42329.66667,0.0,1.1,0.8,0.5,5.8
185,42329.70833,0.0,1.1,0.8,0.5,5.5
186,42329.75,0.0,1.1,0.7,0.5,5.8
187,42329.79167,0.0,1.0,0.7,0.5,6.1
188,42329.83333,0.0,1.1,0.7,0.5,6.0
189,42329.875,0.0,1.0,0.7,0.5,5.9
190,42329.91667,0.0,1.1,0.7,0.5,6.0
191,42329.95833,0.0,1.2,0.8,0.5,5.7
192,42330.0,0.0,1.3,1.0,0.6,6.3
193,42330.04167,0.0,1.6,1.1,0.7,6.7
194,42330.08333,0.0,1.4,1.1,0.7,6.4
195,42330.125,0.0,1.8,1.4,0.9,6.9
196,42330.16667,0.0,1.7,1.3,0.8,6.5
197,42330.20833,0.0,1.8,1.4,0.9,6.5
198,42330.25,0.0,1.8,1.4,0.9,6.2
199,42330.29167,0.0,1.7,1.3,0.8,5.9
200,42330.33333,0.0,1.7,1.3,0.8,5.9
201,42330.375,0.0,1.8,1.4,0.9,6.1
202,42330.41667,0.0,1.8,1.4,0.8,6.4
203,42330.45833,0.0,1.9,1.4,0.9,6.5
204,42330.5,0.0,1.9,1.3,0.8,6.2
205,42330.54167,0.0,1.6,1.3,0.7,6.3
206,42330.58333,0.0,1.9,1.2,0.7,6.6
207,42330.625,0.0,1.7,1.2,0.8,6.9
208,42330.66667,0.0,1.5,1.2,0.8,6.6
209,42330.70833,0.0,2.2,1.4,0.9,7.1
210,42330.75,0.0,2.0,1.5,0.9,7.2
211,42330.79167,0.0,2.2,1.6,1.0,6.9
212,42330.83333,0.0,2.4,2.0,1.2,6.9
213,42330.875,0.0,2.8,2.0,1.2,6.9
214,42330.91667,0.0,2.4,2.1,1.3,7.1
215,42330.95833,0.0,3.1,2.1,1.3,7.1
216,42331.0,0.0,2.4,2.0,1.3,7.0
217,42331.04167,0.0,2.9,1.8,1.1,6.8
218,42331.08333,0.0,2.4,1.7,1.0,6.8
219,42331.125,0.0,2.3,1.8,1.0,7.3
220,42331.16667,0.0,2.1,1.7,1.1,7.2
221,42331.20833,0.0,2.1,1.7,1.0,6.9
222,42331.25,0.0,2.4,1.7,1.1,6.9
223,42331.29167,0.0,2.1,1.6,1.0,6.8
224,42331.33333,0.0,2.7,2.0,1.3,7.1
225,42331.375,0.0,2.6,2.1,1.3,7.2
226,42331.41667,0.0,2.9,2.0,1.3,7.4
227,42331.45833,0.0,2.9,2.0,1.3,7.8
228,42331.5,0.0,2.5,2.1,1.3,7.7
229,42331.54167,0.0,2.4,1.8,1.2,7.4
230,42331.58333,0.0,2.3,1.8,1.1,7.6
231,42331.625,0.0,2.5,2.1,1.3,7.5
232,42331.66667,0.0,2.3,1.8,1.2,7.6
233,42331.70833,0.0,2.1,1.8,1.1,7.4
234,42331.75,0.0,2.2,1.8,1.2,7.7
235,42331.79167,0.0,2.2,1.9,1.2,8.2
236,42331.83333,0.0,2.7,1.8,1.2,8.2
237,42331.875,0.0,3.1,2.2,1.3,8.1
238,42331.91667,0.0,2.3,2.0,1.2,8.3
239,42331.95833,0.0,2.5,1.8,1.1,7.9
240,42332.0,0.0,2.5,1.8,1.1,8.2
241,42332.04167,0.0,2.3,1.8,1.1,8.2
242,42332.08333,0.0,2.3,1.9,1.2,8.2
243,42332.125,0.0,2.3,1.7,1.1,8.0
244,42332.16667,0.0,2.1,1.7,1.1,8.3
245,42332.20833,0.0,2.0,1.5,0.9,8.2
246,42332.25,0.0,1.7,1.4,0.8,8.1
247,42332.29167,0.0,2.1,1.6,1.0,8.2
248,42332.33333,0.0,2.2,1.6,1.0,7.9
249,42332.375,0.0,2.7,1.8,1.1,7.9
250,42332.41667,0.0,2.4,1.9,1.2,7.6
251,42332.45833,0.0,3.0,2.1,1.3,7.7
252,42332.5,0.0,2.8,2.2,1.4,7.6
253,42332.54167,0.0,2.8,2.3,1.5,7.6
254,42332.58333,0.0,2.5,2.0,1.2,7.4
255,42332.625,0.0,3.0,2.3,1.5,7.9
256,42332.66667,0.0,2.9,2.4,1.6,8.3
257,42332.70833,0.0,3.3,2.5,1.6,8.1
258,42332.75,0.0,3.0,2.3,1.5,8.5
259,42332.79167,0.0,3.2,2.5,1.7,8.2
260,42332.83333,0.0,3.4,2.5,1.6,7.9
261,42332.875,0.0,2.9,2.4,1.5,8.1
262,42332.91667,0.0,3.3,2.5,1.6,8.5
263,42332.95833,0.0,3.4,2.4,1.5,7.7
264,42333.0,0.0,3.1,2.6,1.6,8.5
265,42333.04167,0.0,2.6,2.2,1.4,7.8
266,42333.08333,0.0,2.7,2.2,1.4,7.5
267,42333.125,0.0,2.8,2.3,1.5,8.1
268,42333.16667,0.0,2.8,2.2,1.4,8.2
269,42333.20833,0.0,2.7,2.0,1.3,7.8
270,42333.25,0.0,2.6,2.1,1.3,8.0
271,42333.29167,0.0,2.5,2.0,1.3,7.7
272,42333.33333,0.0,2.5,1.9,1.2,7.2
273,42333.375,0.0,2.4,1.9,1.2,7.1
274,42333.41667,0.0,2.4,1.9,1.2,7.3
275,42333.45833,0.0,2.3,1.9,1.2,7.5
276,42333.5,0.0,2.5,1.7,1.1,7.2
277,42333.54167,0.0,2.2,1.6,1.0,7.2
278,42333.58333,0.0,2.2,1.6,1.0,7.2
279,42333.625,0.0,2.1,1.6,1.0,7.6
280,42333.66667,0.0,2.0,1.4,0.9,7.2
281,42333.70833,0.0,1.9,1.5,1.0,7.4
282,42333.75,0.0,2.0,1.5,1.0,7.7
283,42333.79167,0.0,2.0,1.6,1.0,8.1
284,42333.83333,0.0,2.2,1.4,0.8,7.9
285,42333.875,0.0,1.8,1.3,0.8,7.5
286,42333.91667,0.0,1.7,1.2,0.8,7.8
287,42333.95833,0.0,1.6,1.3,0.8,7.8
288,42334.0,0.0,1.7,1.2,0.8,7.7
289,42334.04167,0.0,1.6,1.2,0.8,7.7
290,42334.08333,0.0,1.4,1.0,0.6,7.6
291,42334.125,0.0,1.3,1.1,0.7,7.7
292,42334.16667,0.0,1.3,1.0,0.6,7.4
293,42334.20833,0.0,1.2,0.8,0.5,7.1
294,42334.25,0.0,1.1,0.8,0.5,7.3
295,42334.29167,0.0,1.1,0.8,0.5,7.2
296,42334.33333,0.0,1.1,0.8,0.4,6.7
297,42334.375,0.0,1.0,0.8,0.4,7.1
298,42334.41667,0.0,1.3,0.9,0.6,7.6
299,42334.45833,0.0,1.4,1.0,0.6,7.9
300,42334.5,0.0,1.2,0.8,0.5,6.8
301,42334.54167,0.0,1.3,0.9,0.6,6.7
302,42334.58333,0.0,1.2,0.9,0.5,7.7
303,42334.625,0.0,1.1,0.8,0.5,7.9
304,42334.66667,0.0,1.1,0.7,0.4,7.0
305,42334.70833,0.0,1.2,0.8,0.5,8.1
306,42334.75,0.0,1.2,0.9,0.5,8.7
307,42334.79167,0.0,1.3,0.8,0.5,7.9
308,42334.83333,0.0,1.0,0.7,0.4,7.5
309,42334.875,0.0,1.3,0.9,0.5,8.8
310,42334.91667,0.0,1.3,1.0,0.6,8.9
311,42334.95833,0.0,1.5,1.3,0.8,9.7
312,42335.0,0.0,2.1,1.3,0.7,10.0
313,42335.04167,0.0,1.8,1.4,0.8,10.0
314,42335.08333,0.0,1.8,1.6,0.9,10.1
315,42335.125,0.0,2.2,1.7,1.0,10.8
316,42335.16667,0.0,2.2,1.8,1.0,10.5
317,42335.20833,0.0,2.0,1.6,0.9,9.8
318,42335.25,0.0,2.1,1.4,0.8,9.7
319,42335.29167,0.0,2.1,1.4,0.8,9.8
320,42335.33333,0.0,2.1,1.4,0.8,9.7
321,42335.375,0.0,2.0,1.6,0.9,10.4
322,42335.41667,0.0,2.0,1.5,0.9,9.9
323,42335.45833,0.0,2.1,1.4,0.8,9.1
324,42335.5,0.0,1.9,1.5,0.9,8.9
325,42335.54167,0.0,2.1,1.6,0.9,9.6
326,42335.58333,0.0,2.2,1.5,0.9,8.3
327,42335.625,0.0,2.3,1.5,0.9,9.1
328,42335.66667,0.0,2.1,1.4,0.9,9.8
329,42335.70833,0.0,2.1,1.4,0.8,9.9
330,42335.75,0.0,2.0,1.3,0.7,10.0
331,42335.79167,0.0,1.5,1.3,0.8,10.3
332,42335.83333,0.0,2.0,1.4,0.8,9.0
333,42335.875,0.0,2.1,1.3,0.8,8.7
334,42335.91667,0.0,1.7,1.1,0.7,8.2
335,42335.95833,0.0,1.7,1.0,0.6,9.8
336,42336.0,0.0,1.9,1.2,0.7,9.8
337,42336.04167,0.0,1.4,1.1,0.6,9.0
338,42336.08333,0.0,1.3,1.1,0.6,9.2
339,42336.125,0.0,1.6,1.0,0.6,8.3
340,42336.16667,0.0,1.3,1.0,0.6,8.4
341,42336.20833,0.0,1.5,1.0,0.6,8.3
342,42336.25,0.0,1.5,1.0,0.6,8.8
343,42336.29167,0.0,1.5,1.0,0.6,8.9
344,42336.33333,0.0,1.3,1.1,0.7,8.2
345,42336.375,0.0,1.3,1.0,0.7,8.3
346,42336.41667,0.0,1.4,1.1,0.7,8.9
347,42336.45833,0.0,1.5,1.1,0.7,8.3
348,42336.5,0.0,1.2,1.0,0.6,7.9
349,42336.54167,0.0,1.5,1.1,0.7,8.5
350,42336.58333,0.0,1.3,1.0,0.7,8.2
351,42336.625,0.0,1.4,1.0,0.6,8.2
352,42336.66667,0.0,1.4,1.0,0.6,8.7
353,42336.70833,0.0,1.5,1.1,0.7,8.4
354,42336.75,0.0,1.6,1.2,0.7,8.7
355,42336.79167,0.0,1.5,1.1,0.7,8.8
356,42336.83333,0.0,1.5,1.1,0.7,9.2
357,42336.875,0.0,1.6,1.1,0.7,9.3
358,42336.91667,0.0,1.2,1.0,0.6,9.1
359,42336.95833,0.0,1.4,1.0,0.7,9.4
360,42337.0,0.0,1.4,1.1,0.7,10.3
361,42337.04167,0.0,1.5,1.2,0.7,10.3
362,42337.08333,0.0,1.6,1.1,0.7,10.0
363,42337.125,0.0,1.8,1.2,0.7,10.1
364,42337.16667,0.0,1.4,1.2,0.7,10.3
365,42337.20833,0.0,1.8,1.5,0.9,10.5
366,42337.25,0.0,1.6,1.5,1.0,10.2
367,42337.29167,0.0,2.1,1.7,1.0,10.5
368,42337.33333,0.0,1.7,1.4,0.9,10.1
369,42337.375,0.0,1.9,1.4,0.8,10.2
370,42337.41667,0.0,1.6,1.4,0.9,10.0
371,42337.45833,0.0,1.5,1.3,0.8,9.7
372,42337.5,0.0,1.4,1.1,0.7,9.3
373,42337.54167,0.0,1.4,1.0,0.7,8.8
374,42337.58333,0.0,1.2,1.0,0.6,9.0
375,42337.625,0.0,1.3,1.0,0.6,8.5
376,42337.66667,0.0,1.5,1.0,0.7,8.6
377,42337.70833,0.0,1.6,1.1,0.7,8.9
378,42337.75,0.0,1.4,1.1,0.7,8.5
379,42337.79167,0.0,1.4,1.0,0.7,8.2
380,42337.83333,0.0,1.4,1.0,0.7,8.2
381,42337.875,0.0,1.4,1.0,0.6,8.2
382,42337.91667,0.0,1.2,0.9,0.6,8.0
383,42337.95833,0.0,1.6,1.0,0.6,8.2
384,42338.0,0.0,1.1,0.9,0.6,8.1
385,42338.04167,0.0,1.3,0.9,0.6,8.3
386,42338.08333,0.0,1.1,0.8,0.5,7.9
387,42338.125,0.0,1.0,0.8,0.5,8.0
388,42338.16667,0.0,0.9,0.7,0.4,7.6
389,42338.20833,0.0,0.9,0.7,0.5,8.0
390,42338.25,0.0,0.9,0.7,0.4,7.4
391,42338.29167,0.0,0.9,0.6,0.4,7.7
392,42338.33333,0.0,0.8,0.6,0.4,7.4
393,42338.375,0.0,0.8,0.6,0.3,7.6
394,42338.41667,0.0,0.7,0.5,0.3,7.7
395,42338.45833,0.0,0.7,0.5,0.3,7.1
396,42338.5,0.0,0.6,0.4,0.3,6.8
397,42338.54167,0.0,0.7,0.5,0.3,6.5
398,42338.58333,0.0,0.5,0.4,0.2,6.6
399,42338.625,0.0,0.5,0.4,0.2,7.1
400,42338.66667,0.0,0.6,0.4,0.3,7.3
401,42338.70833,0.0,0.5,0.4,0.2,7.6
402,42338.75,0.0,0.6,0.4,0.2,7.6
403,42338.79167,0.0,0.6,0.4,0.2,7.5
404,42338.83333,0.0,0.5,0.4,0.2,6.9
405,42338.875,0.0,0.5,0.4,0.3,6.6
406,42338.91667,0.0,0.6,0.5,0.3,6.1
407,42338.95833,0.0,0.7,0.6,0.4,5.3
408,42339.0,24.7,0.8,0.6,0.4,5.1
409,42339.04167,0.0,0.7,0.5,0.3,5.1
410,42339.08333,0.0,0.6,0.6,0.4,5.6
411,42339.125,0.0,0.8,0.6,0.4,6.0
412,42339.16667,0.0,0.7,0.5,0.3,5.7
413,42339.20833,0.0,0.7,0.5,0.3,5.5
414,42339.25,0.0,0.8,0.6,0.3,5.6
415,42339.29167,0.0,0.8,0.6,0.4,6.1
416,42339.33333,0.0,1.0,0.8,0.5,6.9
417,42339.375,0.0,1.0,0.9,0.6,7.2
418,42339.434030000004,12.6,0.0,0.0,0.0,0.0
419,42339.45833,16.8,1.3,1.0,0.6,7.2
420,42339.5,18.1,1.5,1.0,0.6,7.3
421,42339.54167,17.9,1.3,0.9,0.6,6.6
422,42339.58333,18.0,1.4,1.0,0.6,6.7
423,42339.625,18.0,1.3,0.9,0.6,7.0
424,42339.66667,18.1,1.1,0.9,0.5,6.4
425,42339.70833,18.7,1.3,0.9,0.6,6.9
426,42339.75,19.0,1.2,0.9,0.5,6.7
427,42339.79167,19.1,1.4,0.9,0.5,6.4
428,42339.83333,19.0,1.2,0.9,0.5,6.1
429,42339.875,19.0,1.1,0.8,0.5,5.9
430,42339.91667,19.2,1.2,0.8,0.5,5.6
431,42339.95833,19.3,1.2,0.9,0.6,5.8
432,42340.0,19.3,1.3,0.8,0.5,4.9
433,42340.04167,19.4,1.1,0.8,0.6,5.0
434,42340.08333,18.9,1.2,0.9,0.6,5.4
435,42340.125,18.8,1.0,0.7,0.5,5.3
436,42340.16667,18.7,1.0,0.7,0.4,5.1
437,42340.20833,18.6,0.9,0.7,0.5,5.1
438,42340.25,18.6,0.9,0.7,0.4,5.1
439,42340.29167,18.6,1.2,0.8,0.5,5.4
440,42340.33333,18.5,1.1,0.8,0.5,5.4
441,42340.375,18.5,1.1,0.8,0.5,5.3
442,42340.41667,18.6,1.2,0.8,0.5,5.4
443,42340.45833,18.8,1.2,0.9,0.6,4.7
444,42340.5,18.9,1.3,0.9,0.6,4.5
445,42340.54167,18.9,1.2,0.9,0.6,4.3
446,42340.58333,18.9,1.3,0.9,0.6,4.5
447,42340.625,18.9,1.4,1.0,0.6,4.7
448,42340.66667,18.9,1.4,1.0,0.7,4.7
449,42340.70833,18.9,1.6,1.2,0.8,5.1
450,42340.75,18.9,1.8,1.3,0.9,5.4
451,42340.79167,18.9,1.6,1.2,0.8,5.6
452,42340.83333,18.9,1.6,1.2,0.8,5.8
453,42340.875,19.0,1.3,0.9,0.6,5.6
454,42340.91667,19.1,1.0,0.8,0.5,5.7
455,42340.95833,18.9,0.9,0.6,0.4,5.6
456,42341.0,18.8,0.6,0.5,0.3,5.7
457,42341.04167,18.7,0.7,0.5,0.3,6.4
458,42341.08333,18.5,0.7,0.6,0.3,5.8
459,42341.125,18.4,0.8,0.6,0.4,6.3
460,42341.16667,18.5,0.9,0.7,0.4,6.5
461,42341.20833,18.2,0.7,0.6,0.4,6.1
462,42341.25,17.9,0.6,0.5,0.3,6.0
463,42341.29167,17.4,0.6,0.4,0.3,5.6
464,42341.33333,17.6,0.6,0.4,0.3,5.4
465,42341.375,17.5,0.7,0.4,0.3,4.9
466,42341.41667,17.5,0.6,0.5,0.3,3.6
467,42341.45833,17.5,0.7,0.5,0.3,4.0
468,42341.5,17.5,0.7,0.5,0.3,3.9
469,42341.54167,17.5,1.0,0.7,0.4,3.7
470,42341.58333,17.6,1.0,0.7,0.5,4.1
471,42341.625,17.7,0.9,0.7,0.4,4.5
472,42341.66667,17.8,1.0,0.7,0.4,4.7
473,42341.70833,18.0,1.0,0.7,0.5,4.9
474,42341.75,18.1,1.0,0.8,0.5,5.0
475,42341.79167,18.1,0.9,0.6,0.4,4.8
476,42341.83333,18.1,0.9,0.6,0.4,5.2
477,42341.875,18.1,1.0,0.6,0.4,5.2
478,42341.91667,18.1,0.7,0.6,0.4,5.0
479,42341.95833,18.2,0.7,0.5,0.3,4.9
480,42342.0,18.1,0.8,0.6,0.4,5.0
481,42342.04167,18.0,0.9,0.6,0.4,4.2
482,42342.08333,18.0,0.7,0.5,0.3,4.2
483,42342.125,18.0,0.8,0.6,0.4,4.1
484,42342.16667,17.5,0.8,0.6,0.4,4.0
485,42342.20833,17.2,1.0,0.6,0.4,4.0
486,42342.25,17.4,1.3,0.8,0.5,4.8
487,42342.29167,17.4,1.0,0.8,0.5,6.1
488,42342.33333,17.1,1.3,0.8,0.5,6.2
489,42342.375,17.2,1.3,0.9,0.6,5.1
490,42342.41667,17.4,1.0,0.7,0.4,6.8
491,42342.45833,17.2,1.2,0.9,0.6,5.0
492,42342.5,17.1,1.1,0.7,0.4,5.9
493,42342.54167,17.1,1.0,0.8,0.5,6.8
494,42342.58333,17.5,1.0,0.7,0.5,6.9
495,42342.625,17.3,0.9,0.7,0.4,6.5
496,42342.66667,17.3,1.0,0.7,0.5,6.3
497,42342.70833,17.4,1.0,0.7,0.4,6.4
498,42342.75,17.7,1.1,0.8,0.5,6.3
499,42342.79167,17.4,1.0,0.7,0.4,6.5
500,42342.83333,17.3,0.9,0.7,0.4,6.3
501,42342.875,17.8,1.0,0.7,0.4,6.2
502,42342.91667,17.2,0.9,0.7,0.4,6.7
503,42342.95833,17.2,0.8,0.6,0.4,6.5
504,42343.0,17.7,0.9,0.7,0.4,6.9
505,42343.04167,17.6,0.7,0.6,0.4,6.7
506,42343.08333,17.7,0.8,0.6,0.4,7.1
507,42343.125,17.7,0.8,0.6,0.4,7.0
508,42343.16667,17.7,0.9,0.6,0.4,6.8
509,42343.20833,17.7,1.0,0.6,0.4,6.2
510,42343.25,17.7,0.9,0.6,0.4,6.6
511,42343.29167,17.6,0.9,0.7,0.4,6.6
512,42343.33333,17.6,0.9,0.6,0.4,6.1
513,42343.375,17.6,0.9,0.7,0.4,6.1
514,42343.41667,17.7,1.0,0.7,0.4,5.9
515,42343.45833,17.7,1.0,0.7,0.4,6.2
516,42343.5,17.8,0.8,0.6,0.4,5.9
517,42343.54167,17.9,0.9,0.6,0.4,5.9
518,42343.58333,17.9,0.7,0.6,0.4,6.2
519,42343.625,17.9,0.8,0.6,0.4,5.7
520,42343.66667,18.0,0.7,0.5,0.3,6.1
521,42343.70833,18.0,0.8,0.5,0.3,5.8
522,42343.75,18.0,0.7,0.5,0.3,6.4
523,42343.79167,17.9,0.8,0.6,0.4,6.8
524,42343.83333,17.9,0.7,0.6,0.3,6.5
525,42343.875,17.8,0.9,0.7,0.4,6.8
526,42343.91667,17.8,0.9,0.7,0.4,6.4
527,42343.95833,17.7,0.9,0.8,0.5,6.6
528,42344.0,17.8,1.1,0.8,0.5,6.7
529,42344.04167,17.8,0.9,0.8,0.5,6.7
530,42344.08333,17.9,1.2,0.8,0.5,6.9
531,42344.125,17.9,1.0,0.8,0.5,6.9
532,42344.16667,18.0,1.1,0.7,0.5,6.6
533,42344.20833,18.1,1.0,0.7,0.5,6.4
534,42344.25,18.1,0.8,0.7,0.4,6.3
535,42344.29167,18.1,1.0,0.7,0.4,6.7
536,42344.33333,18.0,1.1,0.7,0.4,6.2
537,42344.375,17.9,0.9,0.7,0.4,6.3
538,42344.41667,17.9,0.9,0.6,0.4,6.4
539,42344.45833,17.9,0.8,0.6,0.4,6.4
540,42344.5,18.0,1.1,0.7,0.4,6.5
541,42344.54167,18.0,0.9,0.7,0.4,7.2
542,42344.58333,18.0,1.1,0.8,0.5,7.2
543,42344.625,18.1,1.2,0.9,0.5,7.5
544,42344.66667,18.1,1.1,0.9,0.6,7.5
545,42344.70833,18.1,1.2,0.9,0.5,7.3
546,42344.75,18.1,1.2,0.9,0.5,7.2
547,42344.79167,18.0,1.0,0.8,0.5,7.0
548,42344.83333,18.1,1.1,0.8,0.5,7.2
549,42344.875,18.0,1.1,0.9,0.5,7.6
550,42344.91667,18.1,1.2,0.8,0.5,7.2
551,42344.95833,18.1,1.1,0.9,0.5,7.3
552,42345.0,18.0,1.1,0.9,0.6,7.3
553,42345.04167,18.0,1.0,0.9,0.6,7.1
554,42345.08333,18.0,1.1,0.9,0.6,6.8
555,42345.125,17.9,1.1,0.9,0.6,6.2
556,42345.16667,17.9,1.3,0.9,0.6,6.0
557,42345.20833,17.8,1.3,0.9,0.6,5.9
558,42345.25,17.8,1.2,0.9,0.6,5.8
559,42345.29167,17.7,1.7,1.2,0.8,5.1
560,42345.33333,17.6,1.7,1.4,0.8,6.7
561,42345.375,17.5,1.5,1.1,0.7,5.7
562,42345.41667,17.4,1.4,1.0,0.6,5.7
563,42345.45833,17.3,1.1,0.8,0.5,5.0
564,42345.5,17.1,1.0,0.7,0.5,5.0
565,42345.54167,0.0,0.0,0.0,0.0,0.0
566,42345.58333,0.0,0.0,0.0,0.0,0.0
567,42345.625,0.0,0.0,0.0,0.0,0.0
568,42345.66667,0.0,0.0,0.0,0.0,0.0
569,42345.70833,0.0,0.0,0.0,0.0,0.0
570,42345.75,0.0,0.0,0.0,0.0,0.0
571,42345.79167,0.0,0.0,0.0,0.0,0.0
572,42345.83333,0.0,0.0,0.0,0.0,0.0
573,42345.875,0.0,0.0,0.0,0.0,0.0
574,42345.91667,0.0,0.0,0.0,0.0,0.0
575,42345.95833,0.0,0.0,0.0,0.0,0.0
576,42346.0,0.0,0.0,0.0,0.0,0.0
577,42353.45833,17.7,0.7,0.4,0.3,4.5
578,42353.5,17.6,0.5,0.4,0.2,4.6
579,42353.54167,17.4,0.6,0.3,0.2,4.4
580,42353.58333,17.4,0.5,0.4,0.2,4.8
581,42353.625,17.4,0.5,0.3,0.2,4.5
582,42353.66667,17.5,0.6,0.4,0.2,4.5
583,42353.70833,17.6,0.5,0.4,0.2,4.4
584,42353.75,17.6,0.6,0.4,0.2,4.8
585,42353.79167,17.8,0.5,0.4,0.2,4.7
586,42353.83333,17.8,0.5,0.4,0.2,4.9
587,42353.875,17.7,0.5,0.4,0.2,4.8
588,42353.91667,17.7,0.6,0.4,0.3,5.2
589,42353.95833,17.7,0.4,0.3,0.2,5.0
590,42354.0,17.7,0.4,0.3,0.2,5.3
591,42354.04167,17.6,0.3,0.2,0.1,5.3
592,42354.08333,17.6,0.4,0.3,0.2,4.9
593,42354.125,17.5,0.4,0.3,0.2,5.0
594,42354.16667,17.4,0.4,0.2,0.2,4.5
595,42354.20833,17.4,0.4,0.2,0.1,4.2
596,42354.25,17.5,0.4,0.2,0.2,4.0
597,42354.29167,17.4,0.4,0.3,0.2,4.6
598,42354.33333,17.4,0.4,0.3,0.2,4.0
599,42354.375,17.4,0.4,0.3,0.2,4.4
600,42354.41667,17.6,0.6,0.3,0.2,4.9
601,42354.45833,17.5,0.5,0.3,0.2,4.9
602,42354.5,17.5,0.5,0.3,0.2,4.9
603,42354.54167,17.6,0.5,0.4,0.2,5.2
604,42354.58333,17.7,0.8,0.5,0.3,5.2
605,42354.625,17.6,0.8,0.5,0.3,6.4
606,42354.66667,17.6,0.7,0.5,0.3,5.9
607,42354.70833,17.4,0.6,0.4,0.2,6.1
608,42354.75,17.3,0.6,0.4,0.3,5.9
609,42354.79167,17.2,0.6,0.4,0.2,6.3
610,42354.83333,17.4,0.6,0.5,0.3,6.2
611,42354.875,17.5,0.7,0.5,0.3,5.6
612,42354.91667,17.5,0.7,0.4,0.3,5.9
613,42354.95833,17.4,0.5,0.3,0.2,5.8
614,42355.0,17.4,0.5,0.3,0.2,6.0
615,42355.04167,17.3,0.6,0.4,0.2,6.8
616,42355.08333,17.2,0.7,0.5,0.3,7.7
617,42355.125,17.1,0.9,0.7,0.4,8.3
618,42355.16667,17.1,0.8,0.6,0.3,7.0
619,42355.20833,16.9,0.8,0.5,0.3,6.9
620,42355.25,16.4,0.7,0.6,0.3,6.6
621,42355.29167,16.3,0.9,0.7,0.4,7.3
622,42355.33333,16.4,1.0,0.7,0.4,6.2
623,42355.375,16.3,1.1,0.8,0.5,6.8
624,42355.41667,16.4,1.0,0.8,0.5,6.3
625,42355.45833,16.5,1.0,0.8,0.5,7.0
626,42355.5,16.4,1.4,0.9,0.6,6.7
627,42355.54167,16.4,1.3,1.0,0.6,7.3
628,42355.58333,16.5,1.3,1.0,0.6,7.0
629,42355.625,16.5,1.2,0.9,0.5,7.4
630,42355.66667,16.7,1.7,1.0,0.6,7.8
631,42355.70833,16.7,1.4,1.1,0.7,7.9
632,42355.75,16.6,1.6,1.1,0.7,8.1
633,42355.79167,16.6,1.5,1.2,0.7,8.0
634,42355.83333,16.7,1.7,1.3,0.8,8.3
635,42355.875,16.8,1.9,1.4,0.9,7.9
636,42355.91667,16.9,1.9,1.4,0.8,7.8
637,42355.95833,16.9,2.1,1.4,0.9,8.0
638,42356.0,16.9,1.9,1.4,0.8,8.0
639,42356.04167,16.8,1.6,1.4,0.9,8.1
640,42356.08333,16.9,1.8,1.4,0.9,8.3
641,42356.125,16.8,1.8,1.3,0.8,8.0
642,42356.16667,16.7,1.5,1.2,0.7,8.2
643,42356.20833,16.7,1.8,1.2,0.7,8.5
644,42356.25,16.6,1.5,1.0,0.6,7.8
645,42356.29167,16.6,1.3,1.0,0.6,8.3
646,42356.33333,16.6,1.4,1.0,0.6,8.4
647,42356.375,16.7,1.4,1.0,0.6,8.2
648,42356.41667,16.7,1.4,1.0,0.6,7.9
649,42356.45833,16.7,1.3,0.9,0.6,8.1
650,42356.5,16.7,1.3,0.9,0.5,7.7
651,42356.54167,16.8,1.1,0.8,0.5,7.7
652,42356.58333,16.8,1.3,0.9,0.5,7.8
653,42356.625,16.8,1.2,0.9,0.5,7.7
654,42356.66667,16.7,1.1,0.7,0.4,7.3
655,42356.70833,16.7,0.8,0.7,0.4,7.5
656,42356.75,16.7,0.8,0.6,0.4,7.5
657,42356.79167,16.7,0.8,0.6,0.4,7.1
658,42356.83333,16.7,0.9,0.6,0.4,7.3
659,42356.875,16.8,1.0,0.6,0.4,6.6
660,42356.91667,17.0,0.8,0.6,0.4,6.2
661,42356.95833,17.1,0.9,0.6,0.4,6.3
662,42357.0,17.2,0.9,0.6,0.4,6.1
663,42357.04167,17.2,1.0,0.7,0.4,6.3
664,42357.08333,17.1,0.8,0.7,0.4,6.7
665,42357.125,17.1,1.0,0.7,0.4,6.3
666,42357.16667,17.1,0.9,0.7,0.4,6.5
667,42357.20833,16.9,1.0,0.7,0.4,6.3
668,42357.25,16.8,1.1,0.7,0.5,6.2
669,42357.29167,16.7,1.1,0.8,0.5,6.2
670,42357.33333,16.7,1.2,0.8,0.5,6.0
671,42357.375,16.6,1.1,0.8,0.5,6.0
672,42357.41667,16.6,1.0,0.7,0.4,5.8
673,42357.45833,16.5,1.1,0.7,0.4,5.9
674,42357.5,16.7,1.0,0.7,0.4,6.0
675,42357.54167,16.9,0.9,0.7,0.4,6.0
676,42357.58333,17.0,0.9,0.7,0.4,5.7
677,42357.625,17.0,1.0,0.7,0.4,5.9
678,42357.66667,17.1,0.9,0.6,0.4,6.1
679,42357.70833,17.0,0.9,0.7,0.4,6.1
680,42357.75,17.0,1.0,0.7,0.4,6.3
681,42357.79167,16.9,1.0,0.7,0.5,6.3
682,42357.83333,16.9,1.0,0.8,0.5,7.2
683,42357.875,16.9,1.0,0.7,0.4,6.7
684,42357.91667,16.9,1.1,0.8,0.5,7.0
685,42357.95833,16.9,1.1,0.8,0.5,6.8
686,42358.0,16.9,1.2,0.9,0.6,7.0
687,42358.04167,16.9,1.1,0.9,0.6,7.0
688,42358.08333,16.9,1.2,0.9,0.6,6.8
689,42358.125,16.8,1.1,0.8,0.5,6.9
690,42358.16667,16.8,1.1,0.8,0.5,6.8
691,42358.20833,16.8,1.0,0.7,0.4,6.3
692,42358.25,16.8,1.0,0.7,0.4,6.8
693,42358.29167,16.7,0.9,0.7,0.4,6.4
694,42358.33333,16.7,0.9,0.6,0.4,6.1
695,42358.375,16.8,0.9,0.6,0.4,5.8
696,42358.41667,17.0,0.8,0.7,0.4,6.3
697,42358.45833,17.0,0.8,0.6,0.4,5.7
698,42358.5,16.8,0.7,0.6,0.4,5.7
699,42358.54167,16.8,0.8,0.5,0.3,5.2
700,42358.58333,16.9,0.8,0.6,0.3,5.4
701,42358.625,16.9,0.8,0.6,0.3,6.3
702,42358.66667,16.7,0.6,0.5,0.3,6.1
703,42358.70833,16.7,0.7,0.5,0.3,6.4
704,42358.75,16.7,0.7,0.5,0.3,6.6
705,42358.79167,16.6,0.6,0.5,0.3,6.4
706,42358.83333,16.5,0.7,0.5,0.3,6.2
707,42358.875,16.5,0.6,0.5,0.3,6.1
708,42358.91667,16.5,0.7,0.5,0.3,6.2
709,42358.95833,16.5,0.7,0.5,0.3,5.8
710,42359.0,16.5,0.6,0.5,0.3,5.0
711,42359.04167,16.5,0.5,0.4,0.3,5.7
712,42359.08333,16.5,0.5,0.4,0.3,5.6
713,42359.125,16.6,0.5,0.4,0.2,5.6
714,42359.16667,16.6,0.5,0.4,0.2,6.2
715,42359.20833,16.6,0.4,0.3,0.2,6.3
716,42359.25,16.5,0.4,0.3,0.2,6.2
717,42359.29167,16.5,0.5,0.3,0.2,6.0
718,42359.33333,16.5,0.7,0.4,0.3,4.5
719,42359.375,16.5,0.4,0.3,0.2,5.0
720,42359.41667,16.5,0.5,0.4,0.2,5.0
721,42359.45833,16.4,0.4,0.3,0.2,4.2
722,42359.5,16.5,0.4,0.2,0.2,4.9
723,42359.54167,16.8,0.4,0.3,0.2,4.3
724,42359.58333,16.8,0.4,0.3,0.2,4.6
725,42359.625,16.8,0.4,0.3,0.2,4.0
726,42359.66667,16.8,0.3,0.2,0.1,4.9
727,42359.70833,16.8,0.4,0.2,0.1,4.5
728,42359.75,16.8,0.3,0.2,0.1,4.6
729,42359.79167,16.8,0.4,0.2,0.2,4.4
730,42359.83333,16.7,0.3,0.2,0.2,4.8
731,42359.875,16.7,0.3,0.2,0.1,4.6
732,42359.91667,16.6,0.3,0.2,0.1,4.7
733,42359.95833,16.6,0.3,0.2,0.1,4.3
734,42360.0,16.6,0.3,0.2,0.1,5.0
735,42360.04167,16.6,0.3,0.2,0.1,4.9
736,42360.08333,16.5,0.3,0.2,0.1,4.2
737,42360.125,16.5,0.3,0.3,0.2,3.4
738,42360.16667,16.5,0.4,0.2,0.2,4.2
739,42360.20833,16.5,0.3,0.2,0.1,3.8
740,42360.25,16.4,0.4,0.3,0.2,4.3
741,42360.29167,16.4,0.4,0.3,0.2,4.5
742,42360.33333,16.4,0.4,0.3,0.2,4.4
743,42360.375,16.5,0.4,0.3,0.2,4.0
744,42360.41667,16.5,0.4,0.4,0.2,4.0
745,42360.45833,16.5,0.5,0.3,0.2,4.1
746,42360.5,16.6,0.5,0.3,0.2,4.0
747,42360.54167,16.7,0.5,0.4,0.3,3.9
748,42360.58333,16.8,0.4,0.3,0.2,3.8
749,42360.625,17.0,0.4,0.3,0.2,4.1
750,42360.66667,17.2,0.4,0.3,0.2,4.4
751,42360.70833,17.0,0.4,0.3,0.2,4.3
752,42360.75,17.0,0.4,0.3,0.2,4.0
753,42360.79167,17.1,0.4,0.3,0.2,3.7
754,42360.83333,17.1,0.5,0.3,0.2,3.8
755,42360.875,17.0,0.5,0.3,0.2,3.4
756,42360.91667,16.9,0.5,0.4,0.2,3.2
757,42360.95833,17.0,0.6,0.4,0.2,3.3
758,42361.0,16.9,0.5,0.4,0.2,3.5
759,42361.04167,16.8,0.5,0.3,0.2,3.8
760,42361.08333,16.6,0.4,0.3,0.2,3.9
761,42361.125,16.8,0.4,0.3,0.2,3.8
762,42361.16667,16.7,0.4,0.3,0.2,4.0
763,42361.20833,16.6,0.5,0.3,0.2,4.0
764,42361.25,16.5,0.6,0.4,0.3,4.0
765,42361.29167,16.4,0.6,0.4,0.3,4.1
766,42361.33333,16.4,0.7,0.5,0.3,4.1
767,42361.375,16.3,0.7,0.5,0.3,4.4
768,42361.41667,17.5,0.8,0.6,0.4,4.6
769,42361.45833,17.0,0.8,0.6,0.4,4.9
770,42361.5,16.7,0.9,0.7,0.4,5.0
771,42361.54167,16.4,0.9,0.6,0.4,5.1
772,42361.625,17.1,0.9,0.6,0.4,5.3
773,42361.66667,17.0,0.9,0.6,0.4,5.2
774,42361.70833,18.8,0.9,0.7,0.5,5.4
775,42361.75,18.6,0.9,0.7,0.4,5.3
776,42361.79167,18.7,0.9,0.7,0.4,5.2
777,42361.83333,18.4,1.0,0.8,0.5,5.4
778,42361.875,18.3,1.2,0.8,0.5,5.3
779,42361.91667,18.0,1.0,0.7,0.5,5.2
780,42361.95833,17.7,1.0,0.7,0.5,5.2
781,42362.0,17.7,0.9,0.6,0.4,5.3
782,42362.04167,17.7,0.9,0.6,0.4,5.6
783,42362.08333,17.3,0.8,0.6,0.4,5.7
784,42362.125,17.2,0.9,0.6,0.4,5.7
785,42362.16667,17.2,0.9,0.7,0.4,5.7
786,42362.20833,17.2,0.9,0.7,0.4,5.8
787,42362.25,17.3,1.0,0.7,0.4,5.8
788,42362.29167,17.4,1.1,0.7,0.4,5.7
789,42362.33333,17.8,1.1,0.8,0.5,5.9
790,42362.375,17.6,1.1,0.7,0.4,5.6
791,42362.41667,17.4,1.0,0.8,0.5,5.7
792,42362.45833,17.5,0.9,0.8,0.5,5.8
793,42362.5,17.8,1.2,0.8,0.5,5.5
794,42362.54167,17.6,1.1,0.8,0.5,5.7
795,42362.58333,17.7,0.9,0.7,0.4,5.6
796,42362.625,17.7,0.9,0.7,0.4,5.6
797,42362.66667,17.7,0.7,0.6,0.4,5.5
798,42362.70833,17.6,0.7,0.6,0.4,5.8
799,42362.75,17.6,0.7,0.5,0.3,5.3
800,42362.79167,17.7,0.7,0.5,0.3,5.3
801,42362.83333,17.8,0.7,0.5,0.3,5.3
802,42362.875,17.8,0.8,0.5,0.3,4.9
803,42362.91667,17.5,0.6,0.4,0.3,3.7
804,42362.95833,17.5,0.5,0.3,0.2,3.5
805,42363.0,17.4,0.5,0.3,0.2,3.6
806,42363.04167,17.3,0.5,0.3,0.2,3.3
807,42363.08333,17.3,0.4,0.2,0.1,5.2
808,42363.125,17.3,0.4,0.3,0.2,4.2
809,42363.16667,17.3,0.4,0.3,0.2,4.5
810,42363.20833,17.6,0.5,0.3,0.2,4.2
811,42363.25,17.6,0.6,0.4,0.3,4.7
812,42363.29167,17.5,0.7,0.5,0.3,5.7
813,42363.33333,17.5,0.9,0.7,0.5,6.1
814,42363.375,17.4,1.1,0.8,0.5,6.1
815,42363.41667,17.3,1.0,0.7,0.4,6.2
816,42363.45833,17.2,0.9,0.7,0.4,6.1
817,42363.5,17.2,1.2,0.9,0.5,6.8
818,42363.54167,17.1,1.2,0.9,0.5,7.1
819,42363.58333,17.0,1.3,0.9,0.6,6.9
820,42363.625,17.1,1.1,0.8,0.5,6.5
821,42363.66667,17.1,1.1,0.7,0.4,6.0
822,42363.70833,17.2,0.9,0.7,0.4,6.2
823,42363.75,17.2,0.9,0.6,0.4,6.2
824,42363.79167,16.9,0.8,0.7,0.4,7.2
825,42363.83333,17.0,1.2,0.9,0.6,7.9
826,42363.875,17.1,1.6,1.2,0.8,8.1
827,42363.91667,17.0,1.4,1.1,0.6,7.6
828,42363.95833,17.0,1.8,1.3,0.8,8.4
829,42364.0,16.9,1.4,1.3,0.8,8.2
830,42364.04167,16.9,1.5,1.2,0.7,8.2
831,42364.08333,16.8,1.7,1.3,0.8,8.6
832,42364.125,16.8,1.4,1.1,0.7,7.9
833,42364.16667,16.8,1.1,1.0,0.6,7.8
834,42364.20833,16.8,1.3,0.9,0.5,7.6
835,42364.25,16.9,1.1,0.8,0.5,7.3
836,42364.29167,16.8,1.2,0.9,0.6,7.3
837,42364.33333,17.0,1.1,0.8,0.5,6.6
838,42364.375,17.1,1.2,0.8,0.5,6.5
839,42364.41667,17.1,1.0,0.8,0.5,6.1
840,42364.45833,17.0,1.1,0.7,0.5,6.0
841,42364.5,17.0,0.9,0.7,0.4,5.7
842,42364.54167,17.0,0.9,0.6,0.4,5.1
843,42364.58333,16.9,0.8,0.6,0.3,5.8
844,42364.625,16.8,0.7,0.5,0.3,6.2
845,42364.66667,16.8,0.7,0.4,0.3,5.7
846,42364.70833,16.7,0.6,0.4,0.2,6.7
847,42364.75,16.7,0.5,0.3,0.2,5.9
848,42364.79167,16.6,0.4,0.4,0.2,6.8
849,42364.83333,16.8,0.5,0.4,0.2,6.9
850,42364.875,16.8,0.4,0.3,0.2,7.0
851,42364.91667,16.6,0.5,0.3,0.2,6.4
852,42364.95833,16.6,0.4,0.3,0.2,6.3
853,42365.0,16.5,0.5,0.3,0.2,5.7
854,42365.04167,16.4,0.4,0.3,0.2,5.4
855,42365.08333,16.4,0.4,0.3,0.2,5.1
856,42365.125,16.3,0.6,0.3,0.2,6.5
857,42365.16667,16.3,0.5,0.3,0.2,6.9
858,42365.20833,16.3,0.6,0.4,0.2,6.9
859,42365.25,16.4,0.7,0.5,0.3,7.4
860,42365.29167,16.4,0.8,0.6,0.3,7.3
861,42365.33333,16.4,0.8,0.6,0.4,6.7
862,42365.375,16.4,1.0,0.7,0.4,6.3
863,42365.41667,16.4,1.0,0.8,0.5,6.2
864,42365.45833,16.4,1.4,1.0,0.6,7.8
865,42365.5,16.4,1.6,1.2,0.7,8.5
866,42365.54167,16.4,1.8,1.3,0.8,8.2
867,42365.58333,16.4,1.7,1.3,0.8,8.2
868,42365.625,16.4,1.8,1.3,0.8,8.3
869,42365.66667,16.3,1.7,1.3,0.8,7.8
870,42365.70833,16.4,1.6,1.2,0.8,7.3
871,42365.75,16.3,1.7,1.3,0.8,7.3
872,42365.79167,16.3,1.6,1.2,0.7,7.3
873,42365.83333,16.3,1.8,1.2,0.8,7.5
874,42365.875,16.3,1.8,1.2,0.7,7.1
875,42365.91667,16.2,1.7,1.2,0.7,7.2
876,42365.95833,16.2,1.5,1.2,0.7,7.2
877,42366.0,16.2,1.7,1.1,0.7,7.6
878,42366.04167,16.2,1.6,1.1,0.7,7.3
879,42366.08333,16.1,1.6,1.0,0.6,6.8
880,42366.125,16.2,1.3,0.9,0.6,6.7
881,42366.16667,16.1,1.1,0.9,0.5,6.6
882,42366.20833,16.1,1.2,0.8,0.5,7.1
883,42366.25,16.0,1.2,0.8,0.5,6.8
884,42366.29167,15.9,1.1,0.7,0.5,7.0
885,42366.33333,16.0,1.0,0.7,0.4,6.8
886,42366.375,16.0,0.9,0.7,0.4,7.0
887,42366.41667,15.9,1.0,0.7,0.4,5.7
888,42366.45833,15.9,0.8,0.6,0.4,5.8
889,42366.5,15.9,0.8,0.7,0.4,6.6
890,42366.54167,15.9,0.8,0.6,0.4,6.3
891,42366.58333,15.9,0.8,0.6,0.4,5.6
892,42366.625,15.9,0.8,0.6,0.4,5.9
893,42366.66667,15.9,0.7,0.6,0.4,6.0
894,42366.70833,15.8,0.8,0.6,0.3,5.9
895,42366.75,15.8,0.9,0.5,0.3,6.1
896,42366.79167,15.8,0.7,0.6,0.4,6.7
897,42366.83333,15.8,0.7,0.5,0.3,5.9
898,42366.875,15.8,0.7,0.6,0.4,5.2
899,42366.91667,15.9,0.8,0.6,0.3,5.9
900,42366.95833,15.8,0.8,0.5,0.3,6.2
901,42367.0,15.7,0.7,0.5,0.3,6.0
902,42367.04167,15.7,0.7,0.5,0.3,5.3
903,42367.08333,15.6,0.7,0.5,0.3,5.4
904,42367.125,15.6,0.7,0.5,0.3,5.4
905,42367.16667,15.6,0.7,0.6,0.4,5.3
906,42367.20833,15.5,0.8,0.6,0.4,5.6
907,42367.25,15.5,0.9,0.6,0.3,5.9
908,42367.29167,15.5,0.7,0.5,0.3,6.0
909,42367.33333,15.5,0.8,0.5,0.3,5.9
910,42367.375,15.5,0.9,0.6,0.3,6.2
911,42367.41667,15.5,0.7,0.6,0.4,6.0
912,42367.45833,15.5,0.9,0.6,0.4,7.1
913,42367.5,15.5,0.9,0.6,0.4,6.4
914,42367.54167,15.6,0.8,0.6,0.4,6.7
915,42367.58333,15.7,0.9,0.7,0.4,7.0
916,42367.625,15.7,0.9,0.6,0.4,6.3
917,42367.66667,15.6,0.8,0.6,0.4,5.7
918,42367.70833,15.6,0.8,0.5,0.3,6.4
919,42367.75,15.5,0.7,0.6,0.4,6.7
920,42367.79167,15.5,0.8,0.5,0.3,6.2
921,42367.83333,15.5,0.7,0.5,0.3,6.2
922,42367.875,15.5,0.8,0.5,0.3,6.0
923,42367.91667,15.5,0.7,0.5,0.3,6.2
924,42367.95833,15.4,0.6,0.5,0.3,5.9
925,42368.0,15.4,0.7,0.5,0.3,6.5
926,42368.04167,15.4,0.6,0.5,0.3,6.9
927,42368.08333,15.2,0.8,0.5,0.3,6.5
928,42368.125,15.3,0.7,0.5,0.3,6.6
929,42368.16667,15.3,0.7,0.5,0.3,6.6
930,42368.20833,15.3,0.7,0.5,0.3,6.5
931,42368.25,15.3,0.8,0.5,0.3,6.9
932,42368.29167,15.3,0.9,0.6,0.3,6.5
933,42368.33333,15.4,0.8,0.5,0.3,6.0
934,42368.375,15.2,0.9,0.6,0.3,6.6
935,42368.41667,15.2,0.8,0.6,0.3,6.0
936,42368.45833,15.3,0.8,0.5,0.3,6.4
937,42368.5,15.4,1.0,0.6,0.4,6.8
938,42368.54167,15.6,1.0,0.6,0.4,6.4
939,42368.58333,15.5,0.9,0.6,0.4,6.6
940,42368.625,16.2,0.9,0.6,0.4,6.8
941,42368.66667,17.0,0.8,0.6,0.4,6.6
942,42368.70833,16.8,0.7,0.6,0.4,6.5
943,42368.75,16.6,1.0,0.6,0.4,6.3
944,42368.79167,16.5,1.1,0.7,0.5,6.6
945,42368.83333,16.3,0.8,0.6,0.4,6.6
946,42368.875,16.3,0.8,0.6,0.4,6.5
947,42368.91667,16.2,0.7,0.5,0.3,6.3
948,42368.95833,16.1,0.9,0.6,0.4,6.6
949,42369.0,15.9,0.6,0.5,0.3,6.4
950,42369.04167,15.8,0.7,0.5,0.3,6.3
951,42369.08333,15.8,0.8,0.5,0.3,6.5
952,42369.125,15.7,0.6,0.4,0.3,5.6
953,42369.16667,15.7,0.6,0.4,0.2,5.4
954,42369.20833,15.7,0.5,0.4,0.2,5.1
955,42369.25,15.6,0.6,0.4,0.2,4.8
956,42369.29167,15.6,0.5,0.3,0.2,6.0
957,42369.33333,15.5,0.5,0.3,0.2,6.1
958,42369.375,15.5,0.5,0.3,0.2,5.2
959,42369.41667,15.3,0.5,0.4,0.2,5.0
960,42369.45833,15.3,0.6,0.4,0.2,4.6
961,42369.5,15.3,0.6,0.4,0.3,4.3
962,42369.54167,15.4,0.6,0.4,0.3,4.5
963,42369.58333,15.4,0.6,0.5,0.3,4.6
964,42369.625,15.4,0.9,0.6,0.4,4.6
965,42369.66667,15.4,0.7,0.5,0.3,4.9
966,42369.70833,15.6,0.7,0.5,0.3,5.5
967,42369.75,15.9,0.7,0.6,0.4,5.9
968,42369.79167,16.0,0.9,0.6,0.4,5.6
969,42369.83333,15.9,0.8,0.7,0.4,5.6
970,42369.875,15.9,0.7,0.6,0.3,5.7
971,42369.91667,16.0,0.7,0.5,0.3,5.2
972,42369.95833,15.8,0.7,0.5,0.3,5.4
